<manifest alg="2" build="2017.0.2.363" opt="true" iceEnabled="true" iceMarkupVersion="2" iceEnabledOptions="link,responsive,cachebuster,textStyling" exportTarget="other" domain="biznesok.top" resolutions="1x" timestamp="1487440794125">
  <folder name="css">
    <file name="site_global.css" crc="443350757"/>
    <file name="index.css" crc="3857004606" ref="index"/>
    <file name="iefonts_index.css" crc="3842175042" ref="index"/>
  </folder>
  <folder name="fonts">
    <file name="ftn55.woff" crc="3765503396"/>
    <file name="ftn55.eot" crc="3860788142"/>
    <file name="ftn55.svg" crc="3972767537"/>
    <file name="proxima nova bold italic.woff" crc="266103010"/>
    <file name="proxima nova bold italic.eot" crc="385239510"/>
    <file name="proxima nova bold italic.svg" crc="352476797"/>
    <file name="bigbossicon.woff" crc="331700122"/>
    <file name="bigbossicon.eot" crc="492749460"/>
    <file name="bigbossicon.svg" crc="4248078019"/>
  </folder>
  <folder name="scripts">
    <file name="jquery-1.8.3.min.js" crc="209076791" ref="index"/>
    <file name="museutils.js" crc="4232573551" ref="index"/>
    <file name="whatinput.js" crc="86476730" ref="index"/>
    <file name="museconfig.js" crc="4152223963" ref="index"/>
    <file name="jquery.musemenu.js" crc="38860304" ref="index"/>
    <file name="jquery.watch.js" crc="3844535323" ref="index"/>
    <file name="jquery.musepolyfill.bgsize.js" crc="3880853905" ref="index"/>
    <file name="webpro.js" crc="3770351119" ref="index"/>
    <file name="musewpslideshow.js" crc="4244742588" ref="index"/>
    <file name="jquery.museoverlay.js" crc="432750910" ref="index"/>
    <file name="touchswipe.js" crc="3912873526" ref="index"/>
    <file name="form_check.php" crc="3841221102" ref="index"/>
    <file name="form_throttle.php" crc="4048049783" ref="index"/>
    <file name="form_process.php" crc="3899230280" ref="index"/>
    <file name="form-u1315.php" crc="3931247958" ref="index"/>
    <file name="jquery.scrolleffects.js" crc="146279342" ref="index"/>
    <file name="html5shiv.js" crc="4241844378" ref="index"/>
    <file name="require.js" crc="4234670167" ref="index"/>
  </folder>
  <folder name="images">
    <file name="clipart_1670-1010.png" crc="4027618966" seo="true" ref="index">
      <caption webpage="index" alt=""/>
    </file>
    <file name="line.gif" crc="467894439" ref="index">
      <caption webpage="index" alt=""/>
      <caption webpage="index" alt=""/>
      <caption webpage="index" alt=""/>
      <caption webpage="index" alt=""/>
      <caption webpage="index" alt=""/>
      <caption webpage="index" alt=""/>
      <caption webpage="index" alt=""/>
      <caption webpage="index" alt=""/>
      <caption webpage="index" alt=""/>
      <caption webpage="index" alt=""/>
      <caption webpage="index" alt="Груповые занятия"/>
      <caption webpage="index" alt="Для милых мам"/>
      <caption webpage="index" alt="Для девушек"/>
      <caption webpage="index" alt="Для мужчин"/>
      <caption webpage="index" alt=""/>
      <caption webpage="index" alt=""/>
      <caption webpage="index" alt=""/>
      <caption webpage="index" alt=""/>
    </file>
    <file name="page1_img1.jpg" crc="4131462802" seo="true" ref="index">
      <caption webpage="index" alt=""/>
    </file>
    <file name="bg_1.jpg" crc="4049380109" ref="index">
      <caption webpage="index" alt=""/>
    </file>
    <file name="bg_2.png" crc="237833090" ref="index">
      <caption webpage="index" alt=""/>
    </file>
    <file name="page1_img2-u720-fr.jpg" crc="4012614969" ref="index"/>
    <file name="page1_img3-u731-fr.jpg" crc="158741509" ref="index"/>
    <file name="page1_img4-u737-fr.jpg" crc="229642674" ref="index"/>
    <file name="page1_img5-u734-fr.jpg" crc="19290059" ref="index"/>
    <file name="bg_3.jpg" crc="328776387" ref="index">
      <caption webpage="index" alt=""/>
    </file>
    <file name="page1_img6.jpg" crc="22925519" ref="index">
      <caption webpage="index" alt=""/>
    </file>
    <file name="sdsad3.jpg" crc="4262346393" ref="index">
      <caption webpage="index" alt=""/>
    </file>
    <file name="fdsf4.jpg" crc="35516726" ref="index">
      <caption webpage="index" alt=""/>
    </file>
    <file name="z_5a0c4b5f.jpg" crc="4289641068" ref="index">
      <caption webpage="index" alt=""/>
    </file>
    <file name="2000px-virgolasvg-u821.png" crc="4007864585" ref="index"/>
    <file name="2000px-virgolasvg-u833.png" crc="4007864585" ref="index"/>
    <file name="team-1-u1027-fr.jpg" crc="4066512" ref="index"/>
    <file name="team-2-u1038-fr.jpg" crc="349715726" ref="index"/>
    <file name="team-3-u1044-fr.jpg" crc="4201230730" ref="index"/>
    <file name="team-4-u1041-fr.jpg" crc="3823402688" ref="index"/>
    <file name="project-thumb1.jpg" crc="188932074" ref="index">
      <caption webpage="index" alt=""/>
    </file>
    <file name="blank.gif" crc="4208392903" ref="index"/>
    <file name="project-thumb2.jpg" crc="4271079176" ref="index">
      <caption webpage="index" alt=""/>
    </file>
    <file name="project-thumb3.jpg" crc="8051912" ref="index">
      <caption webpage="index" alt=""/>
    </file>
    <file name="project-thumb4.jpg" crc="73098299" ref="index">
      <caption webpage="index" alt=""/>
    </file>
    <file name="bg_4.png" crc="460017702" ref="index">
      <caption webpage="index" alt=""/>
      <caption webpage="index" alt=""/>
    </file>
    <file name="1483226810_1302-speech-bubbles.png" crc="184515313" seo="true" ref="index">
      <caption webpage="index" alt=""/>
    </file>
    <file name="1483226844_0201-mail.png" crc="4241154376" seo="true" ref="index">
      <caption webpage="index" alt=""/>
    </file>
  </folder>
  <file name="index.html" crc="4107774375" seo="true" mt="1487377090274" redirect="true"/>
</manifest>